,jd,mag,mag_unc,filter,limmag,programid,forced
0,2459411.7731481,99.0,99.0,i,20.0521101290569,2.0,1.0
