,jd,mag,mag_unc,filter,limmag,programid,forced
138,2459429.8566435,19.04221534729,0.0831174030900002,r,99.0,1.0,0.0
