,jd,mag,mag_unc,filter,limmag,programid,forced
0,2459523.6998495,19.138399414981,0.0352532793044587,g,21.1122863995064,2.0,1.0
1,2459525.6213889,19.9829723367345,0.0615005908834599,g,21.3526599048348,2.0,1.0
2,2459527.6544907,20.3163294542004,0.105759602954347,g,21.0974157140314,2.0,1.0
3,2459524.6320833,19.7560749053955,0.0993423983454704,g,99.0,1.0,0.0
4,2459525.6213889,19.9943523406982,0.134257167577744,g,99.0,2.0,0.0
5,2459525.6213889,19.9943523406982,0.134257167577744,g,99.0,2.0,0.0
