,jd,mag,mag_unc,filter,limmag,programid
0,2459379.9574653,20.2409171310157,0.167167730400074,i,20.5249218046605,2.0
