,jd,mag,mag_unc,filter,limmag,programid,forced
4,2459843.9948611,99.0,99.0,i,20.5963967005218,2.0,1.0
5,2459849.9180093,99.0,99.0,i,13.8866708966039,2.0,1.0
