,jd,mag,mag_unc,filter,limmag,programid,forced
0,2459484.6175694,21.5330271525067,0.112408633461093,g,22.2479137711551,2.0,1.0
1,2459484.6479051,21.1480843677356,0.0963039700244106,r,22.0308596798215,2.0,1.0
2,2459485.6135069,21.4531043229053,0.215008958893722,g,21.4638487213117,2.0,1.0
3,2459485.6441898,21.578780393969,0.215025823465877,r,21.5894396342566,2.0,1.0
4,2459484.6479051,21.1044788360596,0.137085825204849,r,99.0,2.0,0.0
