,jd,mag,mag_unc,filter,limmag,programid,forced
0,2459898.889294,19.7487125261792,0.0614544819043509,r,21.1192144110733,2.0,1.0
2,2459899.7582176,20.0065668753183,0.129140327763941,g,20.5707979535845,2.0,1.0
4,2459899.8328241,19.8383186452157,0.227387692748075,r,19.788287046799,2.0,1.0
5,2459900.8438426,20.4912294887278,0.242226607121152,g,20.3725606627253,2.0,1.0
8,2459899.7582176,19.902645111084,0.184860602021217,g,99.0,2.0,0.0
