,jd,mag,mag_unc,filter,limmag,programid,forced
0,2459672.7884491,99.0,99.0,i,20.654834303168,2.0,1.0
9,2459682.7446065,99.0,99.0,i,19.8407169830565,2.0,1.0
