,jd,mag,mag_unc,filter,limmag,programid,forced
7,2459517.79,20.7856006622314,0.259068995714188,r,99.0,1.0,0.0
