,jd,mag,mag_unc,filter,limmag,programid,forced
9,2459840.9805208,20.7219009399414,0.334711998701096,g,99.0,1.0,0.0
