,jd,mag,mag_unc,filter,limmag,programid,forced
1,2459840.8636343,99.0,99.0,g,21.0592137931029,2.0,1.0
5,2459840.8177431,20.9125995635986,0.281886994838715,g,99.0,1.0,0.0
9,2459840.8177431,20.9125995635986,0.281886994838715,g,99.0,1.0,0.0
12,2459840.8177431,20.9125995635986,0.281886994838715,g,99.0,1.0,0.0
13,2459840.8177431,20.9125995635986,0.281886994838715,g,99.0,1.0,0.0
