,jd,mag,mag_unc,filter,limmag,programid
0,2459394.9584259,16.1977792083542,0.00615894468093848,r,20.0658992391566,2.0
