,jd,mag,mag_unc,filter,limmag,programid,forced
1,2459840.8674653,99.0,99.0,g,20.9062847796206,2.0,1.0
