,jd,mag,mag_unc,filter,limmag,programid,forced
0,2459839.6635532,21.232859359249,0.253455651345626,g,21.0649902003192,2.0,1.0
