,jd,mag,mag_unc,filter,limmag,programid,forced
1,2459840.8750116,99.0,99.0,g,21.1205154121122,2.0,1.0
