,jd,mag,mag_unc,filter,limmag,programid,forced
1,2459840.8679398,99.0,99.0,g,21.0190715917128,2.0,1.0
