,jd,mag,mag_unc,filter,limmag,programid,forced
4,2459843.9948611,99.0,99.0,i,20.5963967005218,2.0,1.0
