,jd,mag,mag_unc,filter,limmag,programid,forced
0,2459443.9627894,20.7418609585784,0.213838876045586,r,20.7585300900008,2.0,1.0
1,2459436.9407523,20.8586006164551,0.31555300951004,g,99.0,1.0,0.0
2,2459439.9423843,20.6520004272461,0.450051009654999,g,99.0,1.0,0.0
3,2459442.9579398,20.31276512146,0.2109145373106,r,99.0,1.0,0.0
4,2459439.9423843,20.6520004272461,0.450051009654999,g,99.0,1.0,0.0
5,2459442.9579398,20.31276512146,0.2109145373106,r,99.0,1.0,0.0
6,2459442.9579398,20.31276512146,0.2109145373106,r,99.0,1.0,0.0
