,jd,mag,mag_unc,filter,limmag,programid,forced
0,2459624.7213657,19.2588005065918,0.206733003258705,g,99.0,1,0.0
1,2459624.8419792,19.0632514953613,0.168102219700813,r,99.0,1,0.0
4,2459624.7213657,19.2588005065918,0.206733003258705,g,99.0,1,0.0
5,2459624.8419792,19.0632514953613,0.168102219700813,r,99.0,1,0.0
7,2459624.7213657,19.2588005065918,0.206733003258705,g,99.0,1,0.0
9,2459624.7213657,19.2588005065918,0.206733003258705,g,99.0,1,0.0
