,jd,mag,mag_unc,filter,limmag,programid,forced
2,2459479.7946296,99.0,99.0,i,19.5484850379963,2.0,1.0
5,2459480.8706713,99.0,99.0,g,19.600369654385,2.0,1.0
