,jd,mag,mag_unc,filter,limmag,programid,forced
0,2459532.5832407,20.5196045941456,0.248070616487785,r,20.3750520684145,2.0,1.0
1,2459532.5871991,20.496419422138,0.202151599095549,r,20.5741122584374,2.0,1.0
2,2459532.591169,20.4663939662826,0.169553221587168,r,20.7350146404185,2.0,1.0
3,2459532.5951273,20.3968565384105,0.191750868040948,r,20.5318989808966,2.0,1.0
4,2459532.5990856,20.4354393439893,0.202900463773227,r,20.5091175338078,2.0,1.0
5,2459525.6458102,19.1609153747559,0.096147395670414,r,99.0,1.0,0.0
6,2459527.6094329,19.7762145996094,0.195439010858536,r,99.0,1.0,0.0
7,2459525.6458102,19.1609153747559,0.096147395670414,r,99.0,1.0,0.0
