,jd,mag,mag_unc,filter,limmag,programid,forced
8,2459747.7977894,20.2301006317139,0.285782992839813,g,99.0,1.0,0.0
